deck1,deck2,wins,losses,ties,total,win_rate
adp-zacian,adp-zacian,1129,1129,28,1157,49.8
adp-zacian,blacephalon-unb,521,417,13,951,55.2
blacephalon-unb,adp-zacian,417,521,13,951,44.3
adp-zacian,centiskorch-vmax,465,701,28,1194,39.7
centiskorch-vmax,adp-zacian,701,465,28,1194,59.5
adp-zacian,coalossal-vmax,207,148,8,363,57.8
coalossal-vmax,adp-zacian,148,207,8,363,41.5
adp-zacian,decidueye-obstagoon,99,100,10,209,49.0
decidueye-obstagoon,adp-zacian,100,99,10,209,49.4
adp-zacian,dragapult-vmax,110,92,2,204,54.2
dragapult-vmax,adp-zacian,92,110,2,204,45.4
adp-zacian,eternatus-vmax,605,601,37,1243,49.7
eternatus-vmax,adp-zacian,601,605,37,1243,49.3
adp-zacian,lightning-mewtwo,248,232,15,495,51.1
lightning-mewtwo,adp-zacian,232,248,15,495,47.9
adp-zacian,mad-party,101,64,2,167,60.9
mad-party,adp-zacian,64,101,2,167,38.7
adp-zacian,pikachu-zekrom-gx,801,881,57,1739,47.2
pikachu-zekrom-gx,adp-zacian,881,801,57,1739,51.8
adp-zacian,reshiram-charizard-gx,76,69,7,152,51.5
reshiram-charizard-gx,adp-zacian,69,76,7,152,46.9
adp-zacian,rowegg-rillaboom,82,91,5,178,47.0
rowegg-rillaboom,adp-zacian,91,82,5,178,52.1
adp-zacian,welder-mewtwo,165,189,5,359,46.4
welder-mewtwo,adp-zacian,189,165,5,359,53.1
adp-zacian,zacian-lm,466,465,16,947,49.8
zacian-lm,adp-zacian,465,466,16,947,49.7
blacephalon-unb,blacephalon-unb,184,184,7,191,49.7
blacephalon-unb,centiskorch-vmax,265,205,16,486,55.6
centiskorch-vmax,blacephalon-unb,205,265,16,486,43.3
blacephalon-unb,coalossal-vmax,80,63,4,147,55.3
coalossal-vmax,blacephalon-unb,63,80,4,147,43.8
blacephalon-unb,decidueye-obstagoon,43,48,2,93,47.0
decidueye-obstagoon,blacephalon-unb,48,43,2,93,52.3
blacephalon-unb,dragapult-vmax,34,41,1,76,45.2
dragapult-vmax,blacephalon-unb,41,34,1,76,54.4
blacephalon-unb,eternatus-vmax,269,277,16,562,48.8
eternatus-vmax,blacephalon-unb,277,269,16,562,50.2
blacephalon-unb,lightning-mewtwo,64,107,5,176,37.3
lightning-mewtwo,blacephalon-unb,107,64,5,176,61.7
blacephalon-unb,mad-party,19,33,3,55,36.4
mad-party,blacephalon-unb,33,19,3,55,61.8
blacephalon-unb,pikachu-zekrom-gx,261,414,17,692,38.5
pikachu-zekrom-gx,blacephalon-unb,414,261,17,692,60.6
blacephalon-unb,reshiram-charizard-gx,23,23,3,49,49.0
reshiram-charizard-gx,blacephalon-unb,23,23,3,49,49.0
blacephalon-unb,rowegg-rillaboom,47,22,0,69,68.1
rowegg-rillaboom,blacephalon-unb,22,47,0,69,31.9
blacephalon-unb,welder-mewtwo,98,60,3,161,61.5
welder-mewtwo,blacephalon-unb,60,98,3,161,37.9
blacephalon-unb,zacian-lm,273,97,9,379,72.8
zacian-lm,blacephalon-unb,97,273,9,379,26.4
centiskorch-vmax,centiskorch-vmax,274,274,9,283,49.7
centiskorch-vmax,coalossal-vmax,97,98,3,198,49.5
coalossal-vmax,centiskorch-vmax,98,97,3,198,50.0
centiskorch-vmax,decidueye-obstagoon,76,26,7,109,71.9
decidueye-obstagoon,centiskorch-vmax,26,76,7,109,26.0
centiskorch-vmax,dragapult-vmax,68,30,1,99,69.0
dragapult-vmax,centiskorch-vmax,30,68,1,99,30.6
centiskorch-vmax,eternatus-vmax,232,328,17,577,41.2
eternatus-vmax,centiskorch-vmax,328,232,17,577,57.8
centiskorch-vmax,lightning-mewtwo,78,185,9,272,29.8
lightning-mewtwo,centiskorch-vmax,185,78,9,272,69.1
centiskorch-vmax,mad-party,40,44,3,87,47.1
mad-party,centiskorch-vmax,44,40,3,87,51.7
centiskorch-vmax,pikachu-zekrom-gx,291,474,20,785,37.9
pikachu-zekrom-gx,centiskorch-vmax,474,291,20,785,61.2
centiskorch-vmax,reshiram-charizard-gx,29,32,1,62,47.3
reshiram-charizard-gx,centiskorch-vmax,32,29,1,62,52.2
centiskorch-vmax,rowegg-rillaboom,43,37,0,80,53.8
rowegg-rillaboom,centiskorch-vmax,37,43,0,80,46.2
centiskorch-vmax,welder-mewtwo,96,112,2,210,46.0
welder-mewtwo,centiskorch-vmax,112,96,2,210,53.7
centiskorch-vmax,zacian-lm,361,130,12,503,72.6
zacian-lm,centiskorch-vmax,130,361,12,503,26.6
coalossal-vmax,coalossal-vmax,36,36,2,38,49.5
coalossal-vmax,decidueye-obstagoon,3,19,2,24,15.3
decidueye-obstagoon,coalossal-vmax,19,3,2,24,81.9
coalossal-vmax,dragapult-vmax,11,21,0,32,34.4
dragapult-vmax,coalossal-vmax,21,11,0,32,65.6
coalossal-vmax,eternatus-vmax,142,45,4,191,75.0
eternatus-vmax,coalossal-vmax,45,142,4,191,24.3
coalossal-vmax,lightning-mewtwo,59,40,2,101,59.1
lightning-mewtwo,coalossal-vmax,40,59,2,101,40.3
coalossal-vmax,mad-party,17,21,2,40,44.2
mad-party,coalossal-vmax,21,17,2,40,54.2
coalossal-vmax,pikachu-zekrom-gx,166,82,6,254,66.1
pikachu-zekrom-gx,coalossal-vmax,82,166,6,254,33.1
coalossal-vmax,reshiram-charizard-gx,9,16,1,26,35.9
reshiram-charizard-gx,coalossal-vmax,16,9,1,26,62.8
coalossal-vmax,rowegg-rillaboom,7,25,1,33,22.2
rowegg-rillaboom,coalossal-vmax,25,7,1,33,76.8
coalossal-vmax,welder-mewtwo,14,28,3,45,33.3
welder-mewtwo,coalossal-vmax,28,14,3,45,64.4
coalossal-vmax,zacian-lm,13,142,4,159,9.0
zacian-lm,coalossal-vmax,142,13,4,159,90.1
decidueye-obstagoon,decidueye-obstagoon,12,12,2,14,48.7
decidueye-obstagoon,dragapult-vmax,2,15,0,17,11.8
dragapult-vmax,decidueye-obstagoon,15,2,0,17,88.2
decidueye-obstagoon,eternatus-vmax,58,48,6,112,53.6
eternatus-vmax,decidueye-obstagoon,48,58,6,112,44.6
decidueye-obstagoon,lightning-mewtwo,25,22,3,50,52.0
lightning-mewtwo,decidueye-obstagoon,22,25,3,50,46.0
decidueye-obstagoon,mad-party,5,4,0,9,55.6
mad-party,decidueye-obstagoon,4,5,0,9,44.4
decidueye-obstagoon,pikachu-zekrom-gx,110,52,10,172,65.9
pikachu-zekrom-gx,decidueye-obstagoon,52,110,10,172,32.2
decidueye-obstagoon,reshiram-charizard-gx,3,7,1,11,30.3
reshiram-charizard-gx,decidueye-obstagoon,7,3,1,11,66.7
decidueye-obstagoon,rowegg-rillaboom,0,14,0,14,0.0
rowegg-rillaboom,decidueye-obstagoon,14,0,0,14,100.0
decidueye-obstagoon,welder-mewtwo,20,18,0,38,52.6
welder-mewtwo,decidueye-obstagoon,18,20,0,38,47.4
decidueye-obstagoon,zacian-lm,28,46,15,89,37.1
zacian-lm,decidueye-obstagoon,46,28,15,89,57.3
dragapult-vmax,dragapult-vmax,14,14,0,14,50.0
dragapult-vmax,eternatus-vmax,32,94,3,129,25.6
eternatus-vmax,dragapult-vmax,94,32,3,129,73.6
dragapult-vmax,lightning-mewtwo,27,20,0,47,57.4
lightning-mewtwo,dragapult-vmax,20,27,0,47,42.6
dragapult-vmax,mad-party,20,7,0,27,74.1
mad-party,dragapult-vmax,7,20,0,27,25.9
dragapult-vmax,pikachu-zekrom-gx,63,93,5,161,40.2
pikachu-zekrom-gx,dragapult-vmax,93,63,5,161,58.8
dragapult-vmax,reshiram-charizard-gx,3,2,2,7,52.4
reshiram-charizard-gx,dragapult-vmax,2,3,2,7,38.1
dragapult-vmax,rowegg-rillaboom,8,8,0,16,50.0
rowegg-rillaboom,dragapult-vmax,8,8,0,16,50.0
dragapult-vmax,welder-mewtwo,22,16,3,41,56.1
welder-mewtwo,dragapult-vmax,16,22,3,41,41.5
dragapult-vmax,zacian-lm,22,80,3,105,21.9
zacian-lm,dragapult-vmax,80,22,3,105,77.1
eternatus-vmax,eternatus-vmax,364,364,11,375,49.8
eternatus-vmax,lightning-mewtwo,154,81,7,242,64.6
lightning-mewtwo,eternatus-vmax,81,154,7,242,34.4
eternatus-vmax,mad-party,69,29,6,104,68.3
mad-party,eternatus-vmax,29,69,6,104,29.8
eternatus-vmax,pikachu-zekrom-gx,551,367,23,941,59.4
pikachu-zekrom-gx,eternatus-vmax,367,551,23,941,39.8
eternatus-vmax,reshiram-charizard-gx,57,43,2,102,56.5
reshiram-charizard-gx,eternatus-vmax,43,57,2,102,42.8
eternatus-vmax,rowegg-rillaboom,64,47,4,115,56.8
rowegg-rillaboom,eternatus-vmax,47,64,4,115,42.0
eternatus-vmax,welder-mewtwo,130,81,7,218,60.7
welder-mewtwo,eternatus-vmax,81,130,7,218,38.2
eternatus-vmax,zacian-lm,163,394,24,581,29.4
zacian-lm,eternatus-vmax,394,163,24,581,69.2
lightning-mewtwo,lightning-mewtwo,74,74,2,76,49.8
lightning-mewtwo,mad-party,14,41,0,55,25.5
mad-party,lightning-mewtwo,41,14,0,55,74.5
lightning-mewtwo,pikachu-zekrom-gx,161,187,16,364,45.7
pikachu-zekrom-gx,lightning-mewtwo,187,161,16,364,52.8
lightning-mewtwo,reshiram-charizard-gx,13,7,1,21,63.5
reshiram-charizard-gx,lightning-mewtwo,7,13,1,21,34.9
lightning-mewtwo,rowegg-rillaboom,13,17,0,30,43.3
rowegg-rillaboom,lightning-mewtwo,17,13,0,30,56.7
lightning-mewtwo,welder-mewtwo,50,24,3,77,66.2
welder-mewtwo,lightning-mewtwo,24,50,3,77,32.5
lightning-mewtwo,zacian-lm,80,119,4,203,40.1
zacian-lm,lightning-mewtwo,119,80,4,203,59.3
mad-party,mad-party,21,21,1,22,49.6
mad-party,pikachu-zekrom-gx,84,58,6,148,58.1
pikachu-zekrom-gx,mad-party,58,84,6,148,40.5
mad-party,reshiram-charizard-gx,9,7,0,16,56.2
reshiram-charizard-gx,mad-party,7,9,0,16,43.8
mad-party,rowegg-rillaboom,11,8,0,19,57.9
rowegg-rillaboom,mad-party,8,11,0,19,42.1
mad-party,welder-mewtwo,14,10,1,25,57.3
welder-mewtwo,mad-party,10,14,1,25,41.3
mad-party,zacian-lm,41,40,3,84,50.0
zacian-lm,mad-party,40,41,3,84,48.8
pikachu-zekrom-gx,pikachu-zekrom-gx,660,660,28,688,49.7
pikachu-zekrom-gx,reshiram-charizard-gx,81,43,2,126,64.8
reshiram-charizard-gx,pikachu-zekrom-gx,43,81,2,126,34.7
pikachu-zekrom-gx,rowegg-rillaboom,72,81,4,157,46.7
rowegg-rillaboom,pikachu-zekrom-gx,81,72,4,157,52.4
pikachu-zekrom-gx,welder-mewtwo,166,117,11,294,57.7
welder-mewtwo,pikachu-zekrom-gx,117,166,11,294,41.0
pikachu-zekrom-gx,zacian-lm,287,421,16,724,40.4
zacian-lm,pikachu-zekrom-gx,421,287,16,724,58.9
reshiram-charizard-gx,reshiram-charizard-gx,12,12,0,12,50.0
reshiram-charizard-gx,rowegg-rillaboom,11,6,0,17,64.7
rowegg-rillaboom,reshiram-charizard-gx,6,11,0,17,35.3
reshiram-charizard-gx,welder-mewtwo,9,14,0,23,39.1
welder-mewtwo,reshiram-charizard-gx,14,9,0,23,60.9
reshiram-charizard-gx,zacian-lm,57,23,2,82,70.3
zacian-lm,reshiram-charizard-gx,23,57,2,82,28.9
rowegg-rillaboom,rowegg-rillaboom,9,9,0,9,50.0
rowegg-rillaboom,welder-mewtwo,12,16,0,28,42.9
welder-mewtwo,rowegg-rillaboom,16,12,0,28,57.1
rowegg-rillaboom,zacian-lm,23,44,3,70,34.3
zacian-lm,rowegg-rillaboom,44,23,3,70,64.3
welder-mewtwo,welder-mewtwo,29,29,2,31,49.4
welder-mewtwo,zacian-lm,102,90,5,197,52.6
zacian-lm,welder-mewtwo,90,102,5,197,46.5
zacian-lm,zacian-lm,213,213,16,229,49.4
